Workbook

Sheet Instrucciones
A1: INDIMON S.A.S. — MAESTRO DE GERENCIA: COBRO POR METRO LINEAL DE TUBERÍA
A3: 1. TARIFAS: escriba el valor en pesos por metro lineal (ML) para cada diámetro en las celdas amarillas.
A4: Hay cuatro tarifas: taller soldado, taller liberado, campo soldado y campo liberado. Deje en 0 las que no se cobran
A5: (por ejemplo, si solo se cobra lo liberado, deje en 0 las columnas de soldado).
A6: 2. DATOS: cada obra envía cada semana el archivo AVANCE_<obra>_<línea>_<semana>.xlsx generado por INDIMON CAD.
A7: Opción A (manual): copie las filas de la hoja «Datos» de cada reporte (sin el encabezado) y péguelas debajo de la última fila de la hoja «Datos» de este libro.
A8: Opción B (Microsoft 365, automática): guarde los reportes en una carpeta de SharePoint/OneDrive (una subcarpeta por obra si quiere).
A9: En este libro: Datos > Obtener datos > Desde archivo > Desde carpeta de SharePoint (o Desde carpeta) > elija la carpeta >
A10: Combinar y transformar > hoja «Datos» > Cerrar y cargar en… > Tabla en hoja existente: celda A1 de la hoja «Datos».
A11: Cada semana solo use Datos > Actualizar todo.
A12: Cada reporte trae solo los eventos nuevos (juntas soldadas o liberadas no reportadas antes), así que se pueden sumar todos sin duplicar metros.
A13: No guarde dos veces el mismo reporte en la carpeta. La columna ID identifica cada evento por si necesita revisar duplicados.
... A18: TALLER = soldadura en taller (S, shop weld). CAMPO = soldadura en campo (F, field weld). SIN DEFINIR = la junta no tiene taller/campo: corríjalo en la obra.

Sheet Tarifas
A1: NPS | B1: TALLER SOLDADO $/ML | C1: TALLER LIBERADO $/ML | D1: CAMPO SOLDADO $/ML | E1: CAMPO LIBERADO $/ML
A2: 1/4" | B2: 0 | C2: 0 | D2: 0 | E2: 0
A3: 3/8" | B3: 0 | C3: 0 | D3: 0 | E3: 0
A4: 1/2" | B4: 0 | C4: 0 | D4: 0 | E4: 0
A5: 3/4" | B5: 0 | C5: 0 | D5: 0 | E5: 0
A6: 1" | B6: 0 | C6: 0 | D6: 0 | E6: 0
A7: 1-1/4" | B7: 0 | C7: 0 | D7: 0 | E7: 0
A8: 1-1/2" | B8: 0 | C8: 0 | D8: 0 | E8: 0
A9: 2" | B9: 0 | C9: 0 | D9: 0 | E9: 0
A10: 2-1/2" | B10: 0 | C10: 0 | D10: 0 | E10: 0
A11: 3" | B11: 0 | C11: 0 | D11: 0 | E11: 0
A12: 4" | B12: 0 | C12: 0 | D12: 0 | E12: 0
A13: 6" | B13: 0 | C13: 0 | D13: 0 | E13: 0
... A21: 24" | B21: 0 | C21: 0 | D21: 0 | E21: 0

Sheet Datos
A1: OBRA | B1: CLIENTE | C1: LINEA | D1: JUNTA | E1: NPS | F1: ESPECIFICACION | G1: TALLER_CAMPO | H1: EVENTO | I1: FECHA | J1: MES | K1: SEMANA_REPORTE | L1: ML | M1: TIPO_JUNTA | N1: SOLDADOR_RAIZ | O1: SOLDADOR_PRES | P1: TUBERO | Q1: ID | R1: GENERADO

Sheet Cobro mensual
A1: COBRO MENSUAL POR METRO LINEAL DE TUBERÍA
A3: MES (cualquier fecha del mes): | D3: 46296 | F3: Desde | G3: =DATE(YEAR(D3),MONTH(D3),1)
A4: OBRA (o TODAS): | D4: TODAS | F4: Hasta | G4: =EOMONTH(D3,0)
A7: NPS | B7: TALLER SOLDADO ML | C7: VALOR | D7: TALLER LIBERADO ML | E7: VALOR | F7: CAMPO SOLDADO ML | G7: VALOR | H7: CAMPO LIBERADO ML | I7: VALOR | J7: SIN DEFINIR ML | K7: TOTAL $
A8: 1/4" | B8: =SUMIFS(Datos!$L:$L,Datos!$E:$E,$A8,Datos!$I:$I,">="&$G$3,Datos!$I:$I,"<="&$G$4,Datos!$A:$A,IF($D$4="TODAS","*",$D$4),Datos!$G:$G,"TALLER",Datos!$H:$H,"SOLDADA") | C8: =B8*Tarifas!B2 | D8: =SUMIFS(Datos!$L:$L,Datos!$E:$E,$A8,Datos!$I:$I,">="&$G$3,Datos!$I:$I,"<="&$G$4,Datos!$A:$A,IF($D$4="TODAS","*",$D$4),Datos!$G:$G,"TALLER",Datos!$H:$H,"LIBERADA") | E8: =D8*Tarifas!C2 | F8: =SUMIFS(Datos!$L:$L,Datos!$E:$E,$A8,Datos!$I:$I,">="&$G$3,Datos!$I:$I,"<="&$G$4,Datos!$A:$A,IF($D$4="TODAS","*",$D$4),Datos!$G:$G,"CAMPO",Datos!$H:$H,"SOLDADA") | G8: =F8*Tarifas!D2 | H8: =SUMIFS(Datos!$L:$L,Datos!$E:$E,$A8,Datos!$I:$I,">="&$G$3,Datos!$I:$I,"<="&$G$4,Datos!$A:$A,IF($D$4="TODAS","*",$D$4),Datos!$G:$G,"CAMPO",Datos!$H:$H,"LIBERADA") | I8: =H8*Tarifas!E2 | J8: =SUMIFS(Datos!$L:$L,Datos!$E:$E,$A8,Datos!$I:$I,">="&$G$3,Datos!$I:$I,"<="&$G$4,Datos!$A:$A,IF($D$4="TODAS","*",$D$4),Datos!$G:$G,"SIN DEFINIR") | K8: =C8+E8+G8+I8
A9: 3/8" | B9: =SUMIFS(Datos!$L:$L,Datos!$E:$E,$A9,Datos!$I:$I,">="&$G$3,Datos!$I:$I,"<="&$G$4,Datos!$A:$A,IF($D$4="TODAS","*",$D$4),Datos!$G:$G,"TALLER",Datos!$H:$H,"SOLDADA") | C9: =B9*Tarifas!B3 | D9: =SUMIFS(Datos!$L:$L,Datos!$E:$E,$A9,Datos!$I:$I,">="&$G$3,Datos!$I:$I,"<="&$G$4,Datos!$A:$A,IF($D$4="TODAS","*",$D$4),Datos!$G:$G,"TALLER",Datos!$H:$H,"LIBERADA") | E9: =D9*Tarifas!C3 | F9: =SUMIFS(Datos!$L:$L,Datos!$E:$E,$A9,Datos!$I:$I,">="&$G$3,Datos!$I:$I,"<="&$G$4,Datos!$A:$A,IF($D$4="TODAS","*",$D$4),Datos!$G:$G,"CAMPO",Datos!$H:$H,"SOLDADA") | G9: =F9*Tarifas!D3 | H9: =SUMIFS(Datos!$L:$L,Datos!$E:$E,$A9,Datos!$I:$I,">="&$G$3,Datos!$I:$I,"<="&$G$4,Datos!$A:$A,IF($D$4="TODAS","*",$D$4),Datos!$G:$G,"CAMPO",Datos!$H:$H,"LIBERADA") | I9: =H9*Tarifas!E3 | J9: =SUMIFS(Datos!$L:$L,Datos!$E:$E,$A9,Datos!$I:$I,">="&$G$3,Datos!$I:$I,"<="&$G$4,Datos!$A:$A,IF($D$4="TODAS","*",$D$4),Datos!$G:$G,"SIN DEFINIR") | K9: =C9+E9+G9+I9
A10: 1/2" | B10: =SUMIFS(Datos!$L:$L,Datos!$E:$E,$A10,Datos!$I:$I,">="&$G$3,Datos!$I:$I,"<="&$G$4,Datos!$A:$A,IF($D$4="TODAS","*",$D$4),Datos!$G:$G,"TALLER",Datos!$H:$H,"SOLDADA") | C10: =B10*Tarifas!B4 | D10: =SUMIFS(Datos!$L:$L,Datos!$E:$E,$A10,Datos!$I:$I,">="&$G$3,Datos!$I:$I,"<="&$G$4,Datos!$A:$A,IF($D$4="TODAS","*",$D$4),Datos!$G:$G,"TALLER",Datos!$H:$H,"LIBERADA") | E10: =D10*Tarifas!C4 | F10: =SUMIFS(Datos!$L:$L,Datos!$E:$E,$A10,Datos!$I:$I,">="&$G$3,Datos!$I:$I,"<="&$G$4,Datos!$A:$A,IF($D$4="TODAS","*",$D$4),Datos!$G:$G,"CAMPO",Datos!$H:$H,"SOLDADA") | G10: =F10*Tarifas!D4 | H10: =SUMIFS(Datos!$L:$L,Datos!$E:$E,$A10,Datos!$I:$I,">="&$G$3,Datos!$I:$I,"<="&$G$4,Datos!$A:$A,IF($D$4="TODAS","*",$D$4),Datos!$G:$G,"CAMPO",Datos!$H:$H,"LIBERADA") | I10: =H10*Tarifas!E4 | J10: =SUMIFS(Datos!$L:$L,Datos!$E:$E,$A10,Datos!$I:$I,">="&$G$3,Datos!$I:$I,"<="&$G$4,Datos!$A:$A,IF($D$4="TODAS","*",$D$4),Datos!$G:$G,"SIN DEFINIR") | K10: =C10+E10+G10+I10
A11: 3/4" | B11: =SUMIFS(Datos!$L:$L,Datos!$E:$E,$A11,Datos!$I:$I,">="&$G$3,Datos!$I:$I,"<="&$G$4,Datos!$A:$A,IF($D$4="TODAS","*",$D$4),Datos!$G:$G,"TALLER",Datos!$H:$H,"SOLDADA") | C11: =B11*Tarifas!B5 | D11: =SUMIFS(Datos!$L:$L,Datos!$E:$E,$A11,Datos!$I:$I,">="&$G$3,Datos!$I:$I,"<="&$G$4,Datos!$A:$A,IF($D$4="TODAS","*",$D$4),Datos!$G:$G,"TALLER",Datos!$H:$H,"LIBERADA") | E11: =D11*Tarifas!C5 | F11: =SUMIFS(Datos!$L:$L,Datos!$E:$E,$A11,Datos!$I:$I,">="&$G$3,Datos!$I:$I,"<="&$G$4,Datos!$A:$A,IF($D$4="TODAS","*",$D$4),Datos!$G:$G,"CAMPO",Datos!$H:$H,"SOLDADA") | G11: =F11*Tarifas!D5 | H11: =SUMIFS(Datos!$L:$L,Datos!$E:$E,$A11,Datos!$I:$I,">="&$G$3,Datos!$I:$I,"<="&$G$4,Datos!$A:$A,IF($D$4="TODAS","*",$D$4),Datos!$G:$G,"CAMPO",Datos!$H:$H,"LIBERADA") | I11: =H11*Tarifas!E5 | J11: =SUMIFS(Datos!$L:$L,Datos!$E:$E,$A11,Datos!$I:$I,">="&$G$3,Datos!$I:$I,"<="&$G$4,Datos!$A:$A,IF($D$4="TODAS","*",$D$4),Datos!$G:$G,"SIN DEFINIR") | K11: =C11+E11+G11+I11
A12: 1" | B12: =SUMIFS(Datos!$L:$L,Datos!$E:$E,$A12,Datos!$I:$I,">="&$G$3,Datos!$I:$I,"<="&$G$4,Datos!$A:$A,IF($D$4="TODAS","*",$D$4),Datos!$G:$G,"TALLER",Datos!$H:$H,"SOLDADA") | C12: =B12*Tarifas!B6 | D12: =SUMIFS(Datos!$L:$L,Datos!$E:$E,$A12,Datos!$I:$I,">="&$G$3,Datos!$I:$I,"<="&$G$4,Datos!$A:$A,IF($D$4="TODAS","*",$D$4),Datos!$G:$G,"TALLER",Datos!$H:$H,"LIBERADA") | E12: =D12*Tarifas!C6 | F12: =SUMIFS(Datos!$L:$L,Datos!$E:$E,$A12,Datos!$I:$I,">="&$G$3,Datos!$I:$I,"<="&$G$4,Datos!$A:$A,IF($D$4="TODAS","*",$D$4),Datos!$G:$G,"CAMPO",Datos!$H:$H,"SOLDADA") | G12: =F12*Tarifas!D6 | H12: =SUMIFS(Datos!$L:$L,Datos!$E:$E,$A12,Datos!$I:$I,">="&$G$3,Datos!$I:$I,"<="&$G$4,Datos!$A:$A,IF($D$4="TODAS","*",$D$4),Datos!$G:$G,"CAMPO",Datos!$H:$H,"LIBERADA") | I12: =H12*Tarifas!E6 | J12: =SUMIFS(Datos!$L:$L,Datos!$E:$E,$A12,Datos!$I:$I,">="&$G$3,Datos!$I:$I,"<="&$G$4,Datos!$A:$A,IF($D$4="TODAS","*",$D$4),Datos!$G:$G,"SIN DEFINIR") | K12: =C12+E12+G12+I12
A13: 1-1/4" | B13: =SUMIFS(Datos!$L:$L,Datos!$E:$E,$A13,Datos!$I:$I,">="&$G$3,Datos!$I:$I,"<="&$G$4,Datos!$A:$A,IF($D$4="TODAS","*",$D$4),Datos!$G:$G,"TALLER",Datos!$H:$H,"SOLDADA") | C13: =B13*Tarifas!B7 | D13: =SUMIFS(Datos!$L:$L,Datos!$E:$E,$A13,Datos!$I:$I,">="&$G$3,Datos!$I:$I,"<="&$G$4,Datos!$A:$A,IF($D$4="TODAS","*",$D$4),Datos!$G:$G,"TALLER",Datos!$H:$H,"LIBERADA") | E13: =D13*Tarifas!C7 | F13: =SUMIFS(Datos!$L:$L,Datos!$E:$E,$A13,Datos!$I:$I,">="&$G$3,Datos!$I:$I,"<="&$G$4,Datos!$A:$A,IF($D$4="TODAS","*",$D$4),Datos!$G:$G,"CAMPO",Datos!$H:$H,"SOLDADA") | G13: =F13*Tarifas!D7 | H13: =SUMIFS(Datos!$L:$L,Datos!$E:$E,$A13,Datos!$I:$I,">="&$G$3,Datos!$I:$I,"<="&$G$4,Datos!$A:$A,IF($D$4="TODAS","*",$D$4),Datos!$G:$G,"CAMPO",Datos!$H:$H,"LIBERADA") | I13: =H13*Tarifas!E7 | J13: =SUMIFS(Datos!$L:$L,Datos!$E:$E,$A13,Datos!$I:$I,">="&$G$3,Datos!$I:$I,"<="&$G$4,Datos!$A:$A,IF($D$4="TODAS","*",$D$4),Datos!$G:$G,"SIN DEFINIR") | K13: =C13+E13+G13+I13
A14: 1-1/2" | B14: =SUMIFS(Datos!$L:$L,Datos!$E:$E,$A14,Datos!$I:$I,">="&$G$3,Datos!$I:$I,"<="&$G$4,Datos!$A:$A,IF($D$4="TODAS","*",$D$4),Datos!$G:$G,"TALLER",Datos!$H:$H,"SOLDADA") | C14: =B14*Tarifas!B8 | D14: =SUMIFS(Datos!$L:$L,Datos!$E:$E,$A14,Datos!$I:$I,">="&$G$3,Datos!$I:$I,"<="&$G$4,Datos!$A:$A,IF($D$4="TODAS","*",$D$4),Datos!$G:$G,"TALLER",Datos!$H:$H,"LIBERADA") | E14: =D14*Tarifas!C8 | F14: =SUMIFS(Datos!$L:$L,Datos!$E:$E,$A14,Datos!$I:$I,">="&$G$3,Datos!$I:$I,"<="&$G$4,Datos!$A:$A,IF($D$4="TODAS","*",$D$4),Datos!$G:$G,"CAMPO",Datos!$H:$H,"SOLDADA") | G14: =F14*Tarifas!D8 | H14: =SUMIFS(Datos!$L:$L,Datos!$E:$E,$A14,Datos!$I:$I,">="&$G$3,Datos!$I:$I,"<="&$G$4,Datos!$A:$A,IF($D$4="TODAS","*",$D$4),Datos!$G:$G,"CAMPO",Datos!$H:$H,"LIBERADA") | I14: =H14*Tarifas!E8 | J14: =SUMIFS(Datos!$L:$L,Datos!$E:$E,$A14,Datos!$I:$I,">="&$G$3,Datos!$I:$I,"<="&$G$4,Datos!$A:$A,IF($D$4="TODAS","*",$D$4),Datos!$G:$G,"SIN DEFINIR") | K14: =C14+E14+G14+I14
A15: 2" | B15: =SUMIFS(Datos!$L:$L,Datos!$E:$E,$A15,Datos!$I:$I,">="&$G$3,Datos!$I:$I,"<="&$G$4,Datos!$A:$A,IF($D$4="TODAS","*",$D$4),Datos!$G:$G,"TALLER",Datos!$H:$H,"SOLDADA") | C15: =B15*Tarifas!B9 | D15: =SUMIFS(Datos!$L:$L,Datos!$E:$E,$A15,Datos!$I:$I,">="&$G$3,Datos!$I:$I,"<="&$G$4,Datos!$A:$A,IF($D$4="TODAS","*",$D$4),Datos!$G:$G,"TALLER",Datos!$H:$H,"LIBERADA") | E15: =D15*Tarifas!C9 | F15: =SUMIFS(Datos!$L:$L,Datos!$E:$E,$A15,Datos!$I:$I,">="&$G$3,Datos!$I:$I,"<="&$G$4,Datos!$A:$A,IF($D$4="TODAS","*",$D$4),Datos!$G:$G,"CAMPO",Datos!$H:$H,"SOLDADA") | G15: =F15*Tarifas!D9 | H15: =SUMIFS(Datos!$L:$L,Datos!$E:$E,$A15,Datos!$I:$I,">="&$G$3,Datos!$I:$I,"<="&$G$4,Datos!$A:$A,IF($D$4="TODAS","*",$D$4),Datos!$G:$G,"CAMPO",Datos!$H:$H,"LIBERADA") | I15: =H15*Tarifas!E9 | J15: =SUMIFS(Datos!$L:$L,Datos!$E:$E,$A15,Datos!$I:$I,">="&$G$3,Datos!$I:$I,"<="&$G$4,Datos!$A:$A,IF($D$4="TODAS","*",$D$4),Datos!$G:$G,"SIN DEFINIR") | K15: =C15+E15+G15+I15
A16: 2-1/2" | B16: =SUMIFS(Datos!$L:$L,Datos!$E:$E,$A16,Datos!$I:$I,">="&$G$3,Datos!$I:$I,"<="&$G$4,Datos!$A:$A,IF($D$4="TODAS","*",$D$4),Datos!$G:$G,"TALLER",Datos!$H:$H,"SOLDADA") | C16: =B16*Tarifas!B10 | D16: =SUMIFS(Datos!$L:$L,Datos!$E:$E,$A16,Datos!$I:$I,">="&$G$3,Datos!$I:$I,"<="&$G$4,Datos!$A:$A,IF($D$4="TODAS","*",$D$4),Datos!$G:$G,"TALLER",Datos!$H:$H,"LIBERADA") | E16: =D16*Tarifas!C10 | F16: =SUMIFS(Datos!$L:$L,Datos!$E:$E,$A16,Datos!$I:$I,">="&$G$3,Datos!$I:$I,"<="&$G$4,Datos!$A:$A,IF($D$4="TODAS","*",$D$4),Datos!$G:$G,"CAMPO",Datos!$H:$H,"SOLDADA") | G16: =F16*Tarifas!D10 | H16: =SUMIFS(Datos!$L:$L,Datos!$E:$E,$A16,Datos!$I:$I,">="&$G$3,Datos!$I:$I,"<="&$G$4,Datos!$A:$A,IF($D$4="TODAS","*",$D$4),Datos!$G:$G,"CAMPO",Datos!$H:$H,"LIBERADA") | I16: =H16*Tarifas!E10 | J16: =SUMIFS(Datos!$L:$L,Datos!$E:$E,$A16,Datos!$I:$I,">="&$G$3,Datos!$I:$I,"<="&$G$4,Datos!$A:$A,IF($D$4="TODAS","*",$D$4),Datos!$G:$G,"SIN DEFINIR") | K16: =C16+E16+G16+I16
A17: 3" | B17: =SUMIFS(Datos!$L:$L,Datos!$E:$E,$A17,Datos!$I:$I,">="&$G$3,Datos!$I:$I,"<="&$G$4,Datos!$A:$A,IF($D$4="TODAS","*",$D$4),Datos!$G:$G,"TALLER",Datos!$H:$H,"SOLDADA") | C17: =B17*Tarifas!B11 | D17: =SUMIFS(Datos!$L:$L,Datos!$E:$E,$A17,Datos!$I:$I,">="&$G$3,Datos!$I:$I,"<="&$G$4,Datos!$A:$A,IF($D$4="TODAS","*",$D$4),Datos!$G:$G,"TALLER",Datos!$H:$H,"LIBERADA") | E17: =D17*Tarifas!C11 | F17: =SUMIFS(Datos!$L:$L,Datos!$E:$E,$A17,Datos!$I:$I,">="&$G$3,Datos!$I:$I,"<="&$G$4,Datos!$A:$A,IF($D$4="TODAS","*",$D$4),Datos!$G:$G,"CAMPO",Datos!$H:$H,"SOLDADA") | G17: =F17*Tarifas!D11 | H17: =SUMIFS(Datos!$L:$L,Datos!$E:$E,$A17,Datos!$I:$I,">="&$G$3,Datos!$I:$I,"<="&$G$4,Datos!$A:$A,IF($D$4="TODAS","*",$D$4),Datos!$G:$G,"CAMPO",Datos!$H:$H,"LIBERADA") | I17: =H17*Tarifas!E11 | J17: =SUMIFS(Datos!$L:$L,Datos!$E:$E,$A17,Datos!$I:$I,">="&$G$3,Datos!$I:$I,"<="&$G$4,Datos!$A:$A,IF($D$4="TODAS","*",$D$4),Datos!$G:$G,"SIN DEFINIR") | K17: =C17+E17+G17+I17
A18: 4" | B18: =SUMIFS(Datos!$L:$L,Datos!$E:$E,$A18,Datos!$I:$I,">="&$G$3,Datos!$I:$I,"<="&$G$4,Datos!$A:$A,IF($D$4="TODAS","*",$D$4),Datos!$G:$G,"TALLER",Datos!$H:$H,"SOLDADA") | C18: =B18*Tarifas!B12 | D18: =SUMIFS(Datos!$L:$L,Datos!$E:$E,$A18,Datos!$I:$I,">="&$G$3,Datos!$I:$I,"<="&$G$4,Datos!$A:$A,IF($D$4="TODAS","*",$D$4),Datos!$G:$G,"TALLER",Datos!$H:$H,"LIBERADA") | E18: =D18*Tarifas!C12 | F18: =SUMIFS(Datos!$L:$L,Datos!$E:$E,$A18,Datos!$I:$I,">="&$G$3,Datos!$I:$I,"<="&$G$4,Datos!$A:$A,IF($D$4="TODAS","*",$D$4),Datos!$G:$G,"CAMPO",Datos!$H:$H,"SOLDADA") | G18: =F18*Tarifas!D12 | H18: =SUMIFS(Datos!$L:$L,Datos!$E:$E,$A18,Datos!$I:$I,">="&$G$3,Datos!$I:$I,"<="&$G$4,Datos!$A:$A,IF($D$4="TODAS","*",$D$4),Datos!$G:$G,"CAMPO",Datos!$H:$H,"LIBERADA") | I18: =H18*Tarifas!E12 | J18: =SUMIFS(Datos!$L:$L,Datos!$E:$E,$A18,Datos!$I:$I,">="&$G$3,Datos!$I:$I,"<="&$G$4,Datos!$A:$A,IF($D$4="TODAS","*",$D$4),Datos!$G:$G,"SIN DEFINIR") | K18: =C18+E18+G18+I18
A19: 6" | B19: =SUMIFS(Datos!$L:$L,Datos!$E:$E,$A19,Datos!$I:$I,">="&$G$3,Datos!$I:$I,"<="&$G$4,Datos!$A:$A,IF($D$4="TODAS","*",$D$4),Datos!$G:$G,"TALLER",Datos!$H:$H,"SOLDADA") | C19: =B19*Tarifas!B13 | D19: =SUMIFS(Datos!$L:$L,Datos!$E:$E,$A19,Datos!$I:$I,">="&$G$3,Datos!$I:$I,"<="&$G$4,Datos!$A:$A,IF($D$4="TODAS","*",$D$4),Datos!$G:$G,"TALLER",Datos!$H:$H,"LIBERADA") | E19: =D19*Tarifas!C13 | F19: =SUMIFS(Datos!$L:$L,Datos!$E:$E,$A19,Datos!$I:$I,">="&$G$3,Datos!$I:$I,"<="&$G$4,Datos!$A:$A,IF($D$4="TODAS","*",$D$4),Datos!$G:$G,"CAMPO",Datos!$H:$H,"SOLDADA") | G19: =F19*Tarifas!D13 | H19: =SUMIFS(Datos!$L:$L,Datos!$E:$E,$A19,Datos!$I:$I,">="&$G$3,Datos!$I:$I,"<="&$G$4,Datos!$A:$A,IF($D$4="TODAS","*",$D$4),Datos!$G:$G,"CAMPO",Datos!$H:$H,"LIBERADA") | I19: =H19*Tarifas!E13 | J19: =SUMIFS(Datos!$L:$L,Datos!$E:$E,$A19,Datos!$I:$I,">="&$G$3,Datos!$I:$I,"<="&$G$4,Datos!$A:$A,IF($D$4="TODAS","*",$D$4),Datos!$G:$G,"SIN DEFINIR") | K19: =C19+E19+G19+I19
... A27: 24" | B27: =SUMIFS(Datos!$L:$L,Datos!$E:$E,$A27,Datos!$I:$I,">="&$G$3,Datos!$I:$I,"<="&$G$4,Datos!$A:$A,IF($D$4="TODAS","*",$D$4),Datos!$G:$G,"TALLER",Datos!$H:$H,"SOLDADA") | C27: =B27*Tarifas!B21 | D27: =SUMIFS(Datos!$L:$L,Datos!$E:$E,$A27,Datos!$I:$I,">="&$G$3,Datos!$I:$I,"<="&$G$4,Datos!$A:$A,IF($D$4="TODAS","*",$D$4),Datos!$G:$G,"TALLER",Datos!$H:$H,"LIBERADA") | E27: =D27*Tarifas!C21 | F27: =SUMIFS(Datos!$L:$L,Datos!$E:$E,$A27,Datos!$I:$I,">="&$G$3,Datos!$I:$I,"<="&$G$4,Datos!$A:$A,IF($D$4="TODAS","*",$D$4),Datos!$G:$G,"CAMPO",Datos!$H:$H,"SOLDADA") | G27: =F27*Tarifas!D21 | H27: =SUMIFS(Datos!$L:$L,Datos!$E:$E,$A27,Datos!$I:$I,">="&$G$3,Datos!$I:$I,"<="&$G$4,Datos!$A:$A,IF($D$4="TODAS","*",$D$4),Datos!$G:$G,"CAMPO",Datos!$H:$H,"LIBERADA") | I27: =H27*Tarifas!E21 | J27: =SUMIFS(Datos!$L:$L,Datos!$E:$E,$A27,Datos!$I:$I,">="&$G$3,Datos!$I:$I,"<="&$G$4,Datos!$A:$A,IF($D$4="TODAS","*",$D$4),Datos!$G:$G,"SIN DEFINIR") | K27: =C27+E27+G27+I27
A28: TOTAL | B28: =SUM(B8:B27) | C28: =SUM(C8:C27) | D28: =SUM(D8:D27) | E28: =SUM(E8:E27) | F28: =SUM(F8:F27) | G28: =SUM(G8:G27) | H28: =SUM(H8:H27) | I28: =SUM(I8:I27) | ... K28: =SUM(K8:K27)
A30: SIN DEFINIR = juntas sin taller/campo: no se valorizan hasta corregirlas en la obra.
